name,income_group,pop_n,pop_n (m),pop_u,pop_r,income_group_no.,wat_bas_n,wat_lim_n,wat_unimp_n,wat_sur_n,wat_bas_r,wat_lim_r,wat_unimp_r,wat_sur_r,wat_bas_u,wat_lim_u,wat_unimp_u,wat_sur_u,value_cnt,pop_u_convert,pop_u_val,wat_bas_n(rounded),pop_u (rounded),pop_r (rounded)
Tokelau,NAN,1.350000024,1,0,100,0,99.70767665,0,0.2923233459,0,99.70767665,0,0.2923233459,0,NAN,NAN,NAN,NAN,19,0,0,100,0,100
Wallis and Futuna Islands,NAN,11.24600029,11,0,100,0,99.14328736,0,0.856712639,0,99.14328736,0,0.856712639,0,NAN,NAN,NAN,NAN,19,0,0,100,0,100
Montserrat,NAN,4.999000072,5,9.114999771,90.88500023,0,98.07748262,0,1.922517378,0,NAN,NAN,NAN,NAN,NAN,NAN,NAN,NAN,19,0.09114999771,0.4556588451,99,9,91
Papua New Guinea,Lower middle income,8947.027344,8947,13.34500027,86.65499973,2,45.34401752,2.128564452,22.15762495,30.36979308,39.07134367,2.429850293,24.43180086,34.06700517,86.07527164,0.1721822608,7.390385564,6.362160532,19,0.1334500027,1193.980823,46,13,87
Burundi,Low income,11890.78125,11891,13.70800018,86.29199982,1,62.20712225,19.43969314,14.75825969,3.594924913,57.68576527,21.25148213,16.89675238,4.166000219,90.66911086,8.034462869,1.296426269,0,19,0.1370800018,1629.988315,63,14,86
Liechtenstein,High income,38.13700104,38,14.41600037,85.58399963,4,100,0,0,0,NAN,NAN,NAN,NAN,NAN,NAN,NAN,NAN,19,0.1441600037,5.497830211,100,14,86
Malawi,Low income,19129.95508,19130,17.42700005,82.57299995,1,70.04772851,21.95081497,5.776304407,2.22515211,66.58504376,24.41415803,6.383874146,2.616924066,86.45469821,10.27894825,2.897503996,0.3688495446,19,0.1742700005,3333.777281,71,17,83
Niger,Low income,24206.63672,24207,16.62599945,83.37400055,1,46.91179747,21.6538987,27.02751244,4.406791392,39.15415932,23.98774039,31.99150648,4.866593813,85.81383976,9.950440829,2.13468778,2.101031634,19,0.1662599945,4024.595288,47,17,83
Rwanda,Low income,12952.20898,12952,17.43200111,82.56799889,1,60.41450115,22.3207193,13.15480415,4.109975401,55.64246823,25.08014133,14.77886772,4.498522714,83.0175993,9.250506251,5.462303057,2.269591394,19,0.1743200111,2257.829213,61,17,83
Samoa,Lower middle income,198.4100037,198,17.88899994,82.11100006,2,91.83772455,6.520899952,1.418623428,0.2227520679,91.78032287,6.220703339,1.72769216,0.2712816327,92.10119,7.89881,0,0,19,0.1788899994,35.49356544,92,18,82
Saint Lucia,Upper middle income,183.6289978,184,18.8409996,81.1590004,3,96.88784457,1.815652166,1.296503269,0,96.81402383,1.734152255,1.451823918,0,97.20582219,2.166718886,0.6274589237,0,19,0.188409996,34.59753874,97,19,81
Sri Lanka,Lower middle income,21413.25,21413,18.71299934,81.28700066,2,92.22757937,0.5954581495,5.348927064,1.82803542,90.5374357,0.7032099038,6.510488612,2.248865782,99.56938019,0.1273977901,0.3032220202,0,19,0.1871299934,4007.061331,93,19,81
South Sudan,Low income,11193.72852,11194,20.1989994,79.8010006,1,40.95092717,37.42696287,13.53755519,8.084554762,33.59362881,42.16438068,14.11109616,10.13089435,70.01770445,18.71066092,11.27163464,0,19,0.201989994,2261.021157,41,20,80
Nepal,Lower middle income,29136.80859,29137,20.57600021,79.42399979,2,90.07454179,3.979825725,4.699081176,1.246551314,90.20327165,4.207348246,4.269023951,1.320356149,89.57763316,3.101581411,6.359123168,0.9616622585,19,0.2057600021,5995.189797,91,21,79
Ethiopia,Low income,114963.5859,114964,21.69499969,78.30500031,1,49.61557274,26.74071964,18.63506013,5.008647486,40.03013919,30.18668334,23.49561327,6.287564203,84.21282816,14.30300858,1.091582355,0.392580896,19,0.2169499969,24941.3496,50,22,78
Tonga,Upper middle income,105.6969986,106,23.09899902,76.90100098,3,98.73108083,0.8814972962,0.3874218777,0,98.46807854,1.103159706,0.4287617551,0,99.60665819,0.143540536,0.2498012758,0,19,0.2309899902,24.41494867,99,23,77
Cambodia,Lower middle income,16718.9707,16719,24.23200035,75.76799965,2,71.21988497,13.90222204,5.677218558,9.200674434,65.06715583,15.51772278,7.492899307,11.92222209,90.45807717,8.85091472,0,0.6910081144,19,0.2423200035,4051.341039,72,24,76
Chad,Low income,16425.85938,16426,23.52000046,76.47999954,1,46.18753479,14.74028929,31.56245714,7.509718784,37.57521525,14.35396111,38.52496761,9.545856027,74.19222309,15.99651381,8.922452721,0.8888103843,19,0.2352000046,3863.362202,47,24,76
Eswatini,Lower middle income,1160.16394,1160,24.17100143,75.82899857,2,70.75307095,9.507067163,9.835567931,9.904293959,62.46644874,12.29969513,12.45046093,12.78339519,96.74976305,0.7460644731,1.632164244,0.8720082294,19,0.2417100143,280.4232425,71,24,76
Solomon Islands,Lower middle income,686.8779907,687,24.67000008,75.32999992,2,67.30102554,5.79547831,21.26784313,5.635653025,59.40526749,6.528523649,26.955911,7.110297857,91.41077689,3.557120425,3.899286137,1.132816553,19,0.2467000008,169.4528009,68,25,75
Uganda,Low income,45741,45741,24.95400047,75.04599953,1,55.85504921,27.28286,12.16590654,4.696184252,48.23118958,31.78469426,14.07616061,5.907955546,78.7828518,13.74416783,6.421044133,1.051936238,19,0.2495400047,11414.20935,56,25,75
Afghanistan,Low income,38928.33984,38928,26.02599907,73.97400093,1,75.09141325,1.447541688,14.56026288,8.900782174,66.32791521,1.956824851,19.68294895,12.03231098,100,0,0,0,19,0.2602599907,10131.48936,76,26,74
Vanuatu,Lower middle income,307.1499939,307,25.52500153,74.47499847,2,91.23119075,1.06238505,0,7.706424202,88.39720123,1.255132675,0,10.3476661,99.5,0.5,0,0,19,0.2552500153,78.40004064,92,26,74
Guyana,Upper middle income,786.559021,787,26.7859993,73.2140007,3,95.55480685,1.205244408,1.143069849,2.096878897,93.9284905,1.646193862,1.561274833,2.864040809,100,0,0,0,19,0.267859993,210.6876939,96,27,73
Kenya,Lower middle income,53771.30078,53771,27.99499893,72.00500107,2,61.63289158,9.54187005,9.780087524,19.04515084,51.77997893,11.56900419,12.51911322,24.13190366,86.97523145,4.327944725,2.73514263,5.961681193,19,0.2799499893,15053.27508,62,28,72
Tajikistan,Lower middle income,9537.641602,9538,27.50599861,72.49400139,2,81.85241502,2.568363935,3.421857005,12.15736404,76.6435992,3.207143928,4.140706948,16.00854992,95.58062386,0.8848144763,1.527268323,2.007293339,19,0.2750599861,2623.423566,82,28,72
Lesotho,Lower middle income,2142.251953,2142,29.02799988,70.97200012,2,72.17603927,10.40592597,12.21725464,5.200780116,63.65035482,13.55843013,15.73132479,7.059890254,93.02090855,2.698211997,3.625530038,0.65534942,19,0.2902799988,621.8528943,73,29,71
Barbados,High income,287.3710022,287,31.19099998,68.80900002,4,98.51445042,0.2676005761,1.217949005,0,NAN,NAN,NAN,NAN,NAN,NAN,NAN,NAN,19,0.3119099998,89.63388924,99,31,69
Burkina Faso,Low income,20903.27734,20903,30.60700035,69.39299965,1,47.21485446,31.2730034,21.15863263,0.3535095024,32.7182589,38.62690254,28.3404457,0.3143928626,80.08191854,14.60004919,4.875836487,0.4421957805,19,0.3060700035,6397.866169,48,31,69
Myanmar,Lower middle income,54409.79297,54410,31.14100075,68.85899925,2,83.71819191,1.595436949,5.10942478,9.576946362,78.42256469,2.316962142,6.592393694,12.66807947,95.42788606,0,1.830283006,2.741830931,19,0.3114100075,16943.75404,84,31,69
Timor-Leste,Lower middle income,1318.442017,1318,31.31999969,68.68000031,2,85.4956012,1.88586597,8.360029397,4.258503433,80.48779562,2.049364675,11.26233968,6.200500018,96.47695792,1.527338152,1.995703929,0,19,0.3131999969,412.9360356,86,31,69
Zimbabwe,Lower middle income,14862.92676,14863,32.24200058,67.75799942,2,62.66645761,14.1975397,16.27785545,6.858147242,48.28242885,18.59098467,23.01364655,10.11293992,92.89512895,4.964517757,2.122298674,0.01805461538,19,0.3224200058,4792.104932,63,32,68
India,Lower middle income,1380004.375,1380004,34.9260025,65.0739975,2,90.48952503,4.983602562,3.963153945,0.5637184626,88.78250313,5.902210054,4.57637573,0.7389110856,93.6700363,3.272056027,2.820607523,0.2373001538,19,0.349260025,481980.3625,91,35,65
Sudan,Low income,43849.26953,43849,35.25299835,64.74700165,1,60.4486756,26.67001975,3.650217875,9.231086774,53.19902707,27.45764451,5.637660008,13.70566842,73.76365956,25.22343986,0,1.012900581,19,0.3525299835,15458.18226,61,35,65
United Republic of Tanzania,Lower middle income,59734.21484,59734,35.22700119,64.77299881,2,60.71679759,11.29007067,14.51775136,13.47538038,45.44696534,13.98368881,21.21996133,19.34938452,88.7939249,6.337231166,2.194178786,2.674665152,19,0.3522700119,21042.57257,61,35,65
Lao People's Democratic Republic,Lower middle income,7275.556152,7276,36.29000092,63.70999908,2,85.21974318,3.566857739,10.62886799,0.5845310938,78.47295942,5.598583786,15.0109696,0.9174871957,97.06426222,0,2.935737778,0,19,0.3629000092,2640.299394,86,36,64
Guinea,Low income,13132.79199,13133,36.875,63.125,1,63.96178874,21.2815915,6.296119406,8.460500354,50.74817899,26.14432944,9.704719143,13.40277243,86.58169007,12.95724153,0.461068398,0,19,0.36875,4842.717046,64,37,63
Kyrgyzstan,NAN,6524.190918,6524,36.85599899,63.14400101,0,91.69930522,1.900734111,1.8656487,4.534311965,87.258429,2.606070485,2.954593684,7.180906832,99.30769231,0.6923076923,0,0,19,0.3685599899,2404.555739,92,37,63
Mozambique,Low income,31255.43555,31255,37.0739975,62.9260025,1,63.36942563,9.975784507,16.72614511,9.928644759,48.8666865,12.64088359,23.6862564,14.80617352,87.98504792,5.452291027,4.912684644,1.649976404,19,0.370739975,11587.63939,64,37,63
Pakistan,Lower middle income,220892.3281,220892,37.16500092,62.83499908,2,90.14896508,3.822279525,4.413307574,1.61544782,88.59986076,3.852278117,5.174596509,2.373264617,92.76804985,3.771561162,3.126184571,0.3342044223,19,0.3716500092,82094.63577,91,37,63
Viet Nam,Lower middle income,97338.58594,97339,37.34000015,62.65999985,2,96.88435687,0,3.115643126,0,95.51453844,0,4.48546156,0,99.18304001,0,0.816959987,0,19,0.3734000015,36346.22814,97,37,63
Bangladesh,Lower middle income,164689.3906,164689,38.17700195,61.82299805,2,97.69796025,1.156425878,0.4626557002,0.6829581735,97.88023776,0.8581049804,0.3164802414,0.9451770151,97.40277797,1.639520121,0.6993752147,0.2583266934,19,0.3817700195,62873.47186,98,38,62
Yemen,Low income,29825.96875,29826,37.90799713,62.09200287,1,60.66356984,28.9627418,7.77785276,2.595835594,50.68133437,33.53021373,11.60782393,4.180627978,77.01412934,21.48137937,1.504491286,0,19,0.3790799713,11306.42738,61,38,62
Madagascar,Low income,27691.01953,27691,38.5340004,61.4659996,1,53.38588491,2.71797298,32.31145967,11.58468244,36.40642028,1.601776163,43.95389345,18.03791011,80.47000694,4.498430298,13.74049434,1.291068417,19,0.385340004,10670.45758,54,39,61
Saint Helena,NAN,6.071000099,6,40.08200073,59.91799927,0,99.1,0,0.9,0,NAN,NAN,NAN,NAN,NAN,NAN,NAN,NAN,19,0.4008200073,2.433378304,100,40,60
Maldives,Upper middle income,540.5419922,541,40.66899872,59.33100128,3,99.5444386,0.0480506913,0.407510705,0,99.9190125,0.0809875,0,0,98.99798893,0,1.002011069,0,19,0.4066899872,219.8330159,100,41,59
Mauritius,Upper middle income,1271.766968,1272,40.75999832,59.24000168,3,99.8662547,0,0.1337453014,0,99.82768234,0,0.1723176618,0,99.92231522,0,0.07768478119,0,19,0.4075999832,518.3721948,100,41,59
Bhutan,Lower middle income,771.6119995,772,42.31599808,57.68400192,2,97.31322263,2.460712607,0.1764242183,0.04964054142,96.73119365,3.268806351,0,0,98.10662849,1.3591415,0.4169208475,0.1173091586,19,0.4231599808,326.5153189,98,42,58
Central African Republic,Low income,4829.76416,4830,42.19799805,57.80200195,1,37.20240205,25.68237348,33.53911377,3.576110708,28.10659415,19.4058899,46.37307301,6.114442944,49.66166495,34.27978009,15.95940214,0.09915281712,19,0.4219799805,2038.063786,38,42,58
Faeroe Islands,High income,48.86500168,49,42.39799881,57.60200119,4,100,0,0,0,NAN,NAN,NAN,NAN,NAN,NAN,NAN,NAN,19,0.4239799881,20.71778283,100,42,58
Egypt,Lower middle income,102334.4063,102334,42.78300095,57.21699905,2,99.44017596,0.2376091086,0.3222149265,0,99.33283515,0.3359418224,0.3312230319,0,99.5837311,0.1061012067,0.3101676943,0,19,0.4278300095,43781.73002,100,43,57
Republic of Moldova,Upper middle income,4033.962891,4034,42.84900284,57.15099716,3,90.56996224,1.519776762,7.910260997,0,85.48103812,1.52256302,12.99639886,0,97.35744448,1.516060408,1.126495111,0,19,0.4284900284,1728.512874,91,43,57
Sierra Leone,Low income,7976.984863,7977,42.92300034,57.07699966,1,63.76628562,9.023316357,15.5639457,11.64645233,52.75270267,5.221136889,23.14294909,18.88321135,78.41163766,14.07927743,5.485735437,2.023349475,19,0.4292300034,3423.96124,64,43,57
Togo,Low income,8278.737305,8279,42.79999924,57.20000076,1,68.58372009,6.065434765,14.16432245,11.18652269,52.11755275,8.187542019,20.7910842,18.90382103,90.58991001,3.229348056,5.307990528,0.8727514049,19,0.4279999924,3543.299504,69,43,57
Guinea-Bissau,Low income,1967.998047,1968,44.19599915,55.80400085,1,59.01691221,14.03457137,26.6263769,0.3221395192,49.8319053,9.285773026,40.31645129,0.5658703845,70.61434791,20.03063358,9.340625284,0.01439322693,19,0.4419599915,869.7764001,60,44,56
Mali,Low income,20250.83398,20251,43.90900421,56.09099579,1,82.54729103,3.854734527,12.24697135,1.35100309,72.08089521,3.78241223,21.72810084,2.408591717,95.91745475,3.947121723,0.1354235314,0,19,0.4390900421,8891.939545,83,44,56
Zambia,Low income,18383.95508,18384,44.6289978,55.3710022,1,65.41238357,6.15393902,21.57684071,6.856836706,48.22728833,8.331703613,31.60865444,11.83235362,86.73385466,3.451996194,9.130414105,0.6837350463,19,0.446289978,8204.574908,66,45,55
Belize,Upper middle income,397.6210022,398,46.02500153,53.97499847,3,98.40195463,1.249110629,0.3489347411,0,97.99520758,1.358317682,0.6464747393,0,98.87896,1.12104,0,0,19,0.4602500153,183.0050723,99,46,54
Democratic Republic of the Congo,Lower middle income,89561.40625,89561,45.63800049,54.36199951,2,45.95212696,13.44122447,32.54231607,8.064332495,21.98279234,12.68294146,51.21598167,14.11828453,74.50335478,14.34445818,10.29905862,0.8531284131,19,0.4563800049,40874.03502,46,46,54
Mayotte,NAN,272.8129883,273,45.75099945,54.24900055,0,96.37117971,0,3.628820295,NAN,NAN,NAN,NAN,NAN,NAN,NAN,NAN,NAN,19,0.4575099945,124.8146688,97,46,54
Niue,NAN,1.618000031,2,46.20200348,53.79799652,0,97.01087618,0,2.989123822,0,NAN,NAN,NAN,NAN,NAN,NAN,NAN,NAN,19,0.4620200348,0.7475484306,98,46,54
Somalia,Low income,15893.21875,15893,46.14099884,53.85900116,1,56.47697339,27.70419956,13.41704303,2.401784021,37.07586282,36.64324958,21.82149546,4.459392143,79.12330574,17.26991556,3.606778703,0,19,0.4614099884,7333.289879,57,46,54
Philippines,Lower middle income,109581.0859,109581,47.40799713,52.59200287,2,94.10903456,2.856486137,3.034479307,0,91.06193322,3.959520428,4.978546347,0,97.4893325,1.632836465,0.877831036,0,19,0.4740799713,51950.19806,95,47,53
Benin,Lower middle income,12123.19824,12123,48.4149971,51.5850029,2,65.41412299,9.317535586,21.97254088,3.295800547,58.05226799,12.70520504,23.97796833,5.264558634,73.25800004,5.708056353,19.83580681,1.198136794,19,0.484149971,5869.446076,66,48,52
Senegal,Lower middle income,16743.92969,16744,48.12200165,51.87799835,2,84.90523779,2.387217509,12.60781566,0.09972904042,75.2429282,4.052382433,20.51245174,0.1922376314,95.32170094,0.5920836567,4.086215402,0,19,0.4812200165,8057.514122,85,48,52
Bosnia and Herzegovina,Upper middle income,3280.814941,3281,49.02000046,50.97999954,3,96.11389762,3.823663938,0.06243843752,0,97.33333333,2.666666667,0,0,94.8457044,5.026922206,0.1273733928,0,19,0.4902000046,1608.255499,97,49,51
British Virgin Islands,High income,30.23699951,30,48.51499939,51.48500061,4,99.86438356,0,0.1356164384,0,NAN,NAN,NAN,NAN,NAN,NAN,NAN,NAN,19,0.4851499939,14.66948013,100,49,51
Uzbekistan,Lower middle income,33469.19922,33469,50.41599655,49.58400345,2,97.82878485,0,0.22384422,1.947370925,96.07258236,0,0,3.927417637,99.55600556,0,0.4439944434,0,19,0.5041599655,16873.83032,98,50,50
Thailand,Upper middle income,69799.97656,69800,51.43000031,48.56999969,3,100,0,0,0,100,0,0,0,100,0,0,0,19,0.5143000031,35898.12816,100,51,49
Côte d'Ivoire,Lower middle income,26378.27539,26378,51.70599747,48.29400253,2,70.90907039,8.935421702,14.19244161,5.963066293,55.72244686,13.34316829,23.17527956,7.759105289,85.09355329,4.818535156,5.80236656,4.285544994,19,0.5170599747,13639.15041,71,52,48
Guatemala,Upper middle income,17915.56641,17916,51.83599854,48.16400146,3,94.00642827,1.034150511,3.215911815,1.743509404,90.1193298,1.849169999,4.583438691,3.448061508,97.61816944,0.2768660057,1.94525887,0.1597056849,19,0.5183599854,9286.712743,95,52,48
Liberia,Low income,5057.676758,5058,52.08899689,47.91100311,1,75.26179159,8.700657475,3.488080869,12.54947006,64.10021689,6.537775797,3.383709875,25.97829744,85.52810963,10.69005698,3.58408039,0.1977530006,19,0.5208899689,2634.493089,76,52,48
Namibia,Upper middle income,2540.916016,2541,52.03300095,47.96699905,3,84.27003628,7.08762751,3.740143722,4.902192485,71.25616743,11.97218925,7.081803759,9.689839563,96.26696535,2.584758965,0.6596102638,0.4886654211,19,0.5203300095,1322.114855,85,52,48
Nigeria,Lower middle income,206139.5938,206140,51.95800018,48.04199982,2,77.60905338,4.979399343,11.79691148,5.614635794,61.65821003,7.128924583,20.92487535,10.28799004,92.35770519,2.99188065,3.356908786,1.29350537,19,0.5195800018,107106.0105,78,52,48
Isle of Man,High income,85.03199768,85,52.89800262,47.10199738,4,99.075,0,0.925,0,NAN,NAN,NAN,NAN,NAN,NAN,NAN,NAN,19,0.5289800262,44.98022836,100,53,47
Trinidad and Tobago,High income,1399.490967,1399,53.2140007,46.7859993,4,98.87517077,1.124829231,0,0,NAN,NAN,NAN,NAN,NAN,NAN,NAN,NAN,19,0.532140007,744.725133,99,53,47
Turkmenistan,Upper middle income,6031.187012,6031,52.51600266,47.48399734,3,100,0,0,0,100,0,0,0,100,0,0,0,19,0.5251600266,3167.338332,100,53,47
Romania,High income,19237.68164,19238,54.19400024,45.80599976,4,100,0,0,0,100,0,0,0,100,0,0,0,19,0.5419400024,10425.66923,100,54,46
Slovakia,High income,5459.643066,5460,53.75999832,46.24000168,4,99.78769858,0.2123014241,0,0,100,0,0,0,99.60509406,0.3949059374,0,0,19,0.5375999832,2935.104021,100,54,46
Mauritania,Lower middle income,4649.660156,4650,55.32699585,44.67300415,2,71.68104923,13.47689193,14.82032681,0.02173203433,49.9113389,18.49039689,31.5496173,0.04864690722,89.25869465,9.428808083,1.31249727,0,19,0.5532699585,2572.517282,72,55,45
Slovenia,High income,2078.931885,2079,55.11800385,44.88199615,4,99.5,0,0.5,0,NAN,NAN,NAN,NAN,NAN,NAN,NAN,NAN,19,0.5511800385,1145.865756,100,55,45
Syrian Arab Republic,Low income,17500.65625,17501,55.47500229,44.52499771,1,93.92585718,5.873730768,0.2004120542,0,92.082745,7.917255,0,0,95.40516436,4.233570117,0.361265525,0,19,0.5547500229,9708.489455,94,55,45
Azerbaijan,Upper middle income,10139.1748,10139,56.39700317,43.60299683,3,96.04337613,1.04278118,2.913842688,0,90.92579795,2.391535671,6.682666377,0,100,0,0,0,19,0.5639700317,5718.190733,97,56,44
Jamaica,Upper middle income,2961.160889,2961,56.31100082,43.68899918,3,91.0299445,5.367570914,1.864010203,1.738474379,85.39991216,8.490737371,2.568971895,3.540378574,95.39801591,2.944456223,1.317064322,0.34046355,19,0.5631100082,1667.459332,92,56,44
Kiribati,Lower middle income,119.4459991,119,55.59399796,44.40600204,2,77.97092085,4.076899625,17.95217953,0,60.99418489,2.096609799,36.90920532,0,91.53117485,5.658666461,2.810158691,0,19,0.5559399796,66.4048063,78,56,44
Serbia,Upper middle income,8737.370117,8737,56.44599915,43.55400085,3,95.29552932,4.244199279,0.4437204778,0.01655092647,95.84497475,3.545864028,0.5711602866,0.03800093141,94.87156989,4.783037865,0.3453922445,0,19,0.5644599915,4931.895862,96,56,44
Fiji,Upper middle income,896.4439697,896,57.24700546,42.75299454,3,94.30106524,0,3.318602766,2.380331999,89.08802405,0,5.759897938,5.152078012,98.19424406,0,1.495409344,0.3103465922,19,0.5724700546,513.1873283,95,57,43
Ghana,Lower middle income,31072.94531,31073,57.34899902,42.65100098,2,85.79099665,6.586062113,2.812216176,4.810725058,71.89275005,11.93454827,4.999356483,11.17334519,96.12725952,2.608342455,1.185613803,0.07878421819,19,0.5734899902,17820.0231,86,57,43
Haiti,Lower middle income,11402.5332,11403,57.08799744,42.91200256,2,66.6953084,9.814543652,23.49014795,0,42.8457001,13.25598695,43.89831295,0,84.62262129,7.227673879,8.149704835,0,19,0.5708799744,6509.477861,67,57,43
Indonesia,Lower middle income,273523.625,273524,56.64099884,43.35900116,2,92.41534961,0.8554746335,5.553871666,1.175304087,85.66796238,1.17809123,10.61491462,2.539031772,97.58051207,0.6085098345,1.679615139,0.1313629588,19,0.5664099884,154926.5133,93,57,43
Cameroon,Lower middle income,26545.86328,26546,57.56000519,42.43999481,2,65.72041818,12.87474863,15.00100626,6.403826927,43.52758112,12.67259943,30.12380645,13.676013,82.08358486,13.02379677,3.850701351,1.041917019,19,0.5756000519,15279.80028,66,58,42
Croatia,High income,4105.268066,4105,57.55299759,42.44700241,4,NAN,NAN,NAN,NAN,NAN,NAN,NAN,NAN,100,0,0,0,19,0.5755299759,2362.704831,NAN,58,42
Honduras,Lower middle income,9904.608398,9905,58.35899734,41.64100266,2,95.68922113,0.4256206085,3.885158264,0,89.87579955,0.8067095079,9.317490946,0,99.83728281,0.1537015262,0.009015663296,0,19,0.5835899734,5780.230152,96,58,42
Kazakhstan,Upper middle income,18776.70703,18777,57.67100143,42.32899857,3,95.43497032,1.941425039,2.545956934,0.07764770471,91.93925234,1.862616064,6.014693049,0.1834385438,98.00073133,1.999268673,0,0,19,0.5767100143,10828.71498,96,58,42
North Macedonia,Upper middle income,2083.379883,2083,58.48199844,41.51800156,3,97.74281579,1.63499414,0.5742284762,0.04796159706,97.46871457,1.505202232,0.9105631982,0.11552,97.93740299,1.727136954,0.3354600563,0,19,0.5848199844,1218.402191,98,58,42
Austria,High income,9006.400391,9006,58.7480011,41.2519989,4,100,0,0,0,100,0,0,0,100,0,0,0,19,0.587480011,5291.080201,100,59,41
Georgia,Upper middle income,3989.175049,3989,59.4529953,40.5470047,3,97.3481397,0,2.632761379,0.01909892327,94.2718842,0,5.703923618,0.02419218345,99.44615394,0,0.538220742,0.01562531586,19,0.594529953,2371.684054,98,59,41
Nicaragua,Lower middle income,6624.554199,6625,59.01200104,40.98799896,2,81.7087538,1.506645682,13.53053114,3.254069378,59.10744663,3.520974285,29.78017368,7.5914054,97.40695661,0.1075523143,2.244007656,0.2414834229,19,0.5901200104,3909.281993,82,59,41
Poland,High income,37846.60547,37847,60.04300308,39.95699692,4,99.96659155,0,0.03340844529,0,100,0,0,0,99.94435484,0,0.05564516129,0,19,0.6004300308,22724.23849,100,60,40
Albania,Upper middle income,2877.800049,2878,62.11199951,37.88800049,3,95.06803883,1.884656092,3.047305081,0,94.09135806,2.305264955,3.603376986,0,95.66380912,1.62808683,2.708104054,0,19,0.6211199951,1787.459152,96,62,38
China,Upper middle income,1463140.5,1463141,61.71308899,38.28691101,3,94.26111059,0.8147213297,4.725451938,0.1987161441,89.66123351,1.832679086,8.506087409,0,97.11488267,0.1831784927,2.37993884,0.322,19,0.6171308899,902949.1988,95,62,38
Democratic People's Republic of Korea,Low income,25778.81445,25779,62.38100052,37.61899948,1,93.84384303,0.6831311872,5.20969278,0.2633330058,88.75362488,0.3564402606,10.18993486,0.7,96.91351044,0.8801428799,2.206346677,0,19,0.6238100052,16081.08238,94,62,38
French Polynesia,High income,280.9039917,281,61.97500229,38.02499771,4,100,0,0,0,NAN,NAN,NAN,NAN,NAN,NAN,NAN,NAN,19,0.6197500229,174.0902553,100,62,38
Paraguay,Upper middle income,7132.529785,7133,62.18299484,37.81700516,3,99.59346633,0.4065302439,0.0000034229177,0,99.11122753,0.8887724684,0,0,99.88674854,0.1132514643,0,0,19,0.6218299484,4435.220628,100,62,38
Armenia,Upper middle income,2963.233887,2963,63.31299973,36.68700027,3,99.97118069,0,0.02881930801,0,100,0,0,0,99.95448122,0,0.04551878364,0,19,0.6331299973,1876.112263,100,63,37
Gambia,Low income,2416.664063,2417,62.58199692,37.41800308,1,80.94040714,8.597391391,10.35285207,0.1093493927,69.18852321,16.49783239,14.24376547,0.0698789368,87.96690427,3.873689522,8.026457278,0.1329489253,19,0.6258199692,1512.396629,81,63,37
Ecuador,Upper middle income,17643.06055,17643,64.16600037,35.83399963,3,95.35976356,0.003451463449,2.604485389,2.032299589,87.05074495,0.009631811022,7.26819549,5.671427747,100,0,0,0,19,0.6416600037,11320.8463,96,64,36
Ireland,High income,4937.795898,4938,63.65299988,36.34700012,4,97.39970651,0,2.600293485,0,98.13492075,0,1.865079247,0,96.97988603,0,3.020113966,0,19,0.6365299988,3143.055217,98,64,36
Morocco,Lower middle income,36910.55859,36911,63.53199768,36.46800232,2,90.40234468,5.263549601,2.8776725,1.456433219,77.34612896,12.03707816,6.623063373,3.993729502,97.89674601,1.375477117,0.7277768759,0,19,0.6353199768,23450.01523,91,64,36
Tuvalu,Upper middle income,11.79199982,12,64.01399994,35.98600006,3,100,0,0,0,100,0,0,0,100,0,0,0,19,0.6401399994,7.548530758,100,64,36
Portugal,High income,10196.70703,10197,66.30999756,33.69000244,4,99.91199367,0,0.08800633369,0,99.73877609,0,0.2612239122,0,100,0,0,0,19,0.6630999756,6761.436183,100,66,34
Suriname,Upper middle income,586.6339722,587,66.14900208,33.85099792,3,97.98963167,1.067246941,0.3793365073,0.563784884,96.57441263,1.60029586,0.1598017947,1.66548972,98.71385387,0.7944652371,0.4916808925,0,19,0.6614900208,388.0525185,98,66,34
Angola,Lower middle income,32866.26953,32866,66.82499695,33.17500305,2,57.16773762,9.287349919,19.45082534,14.09408712,27.80822661,8.740488389,22.93315258,40.51813242,71.74314862,9.558837489,17.72203473,0.9759791629,19,0.6682499695,21962.88361,58,67,33
Cabo Verde,Lower middle income,555.9879761,556,66.65200043,33.34799957,2,88.76960642,7.904150846,3.209147716,0.1170950144,80.11452544,9.911127022,9.623217003,0.3511305397,93.1,6.9,0,0,19,0.6665200043,370.5771082,89,67,33
Cyprus,High income,1207.360962,1207,66.82099915,33.17900085,4,99.76517318,0,0.2348268167,0,99.84576172,0,0.1542382836,0,99.72515812,0,0.2748418825,0,19,0.6682099915,806.7706582,100,67,33
Montenegro,Upper middle income,628.0620117,628,67.48800659,32.51199341,3,98.85691652,0.5454788204,0.592312011,0.005292650894,98.16188754,0,1.821833386,0.01627906977,99.19173959,0.8082604128,0,0,19,0.6748800659,423.8665318,99,67,33
South Africa,Upper middle income,59308.69141,59309,67.35400391,32.64599609,3,93.88505744,2.772736186,1.410816657,1.931389712,83.32948118,6.977359359,3.776999287,5.916160173,99.00126484,0.734785403,0.2639497547,0,19,0.6735400391,39946.77833,94,67,33
Congo,Lower middle income,5518.091797,5518,67.82900238,32.17099762,2,73.78451158,10.46117203,9.559180722,6.195135664,45.72441318,10.6323901,24.40516973,19.23802699,87.09329616,10.37996439,2.517789997,0.008949452055,19,0.6782900238,3742.866616,74,68,32
Latvia,High income,1886.202026,1886,68.31500244,31.68499756,4,98.78260115,0.6823007424,0.5350981037,0,98.57922314,0,1.42077686,0,98.87692469,0.9987568151,0.1243184908,0,19,0.6831500244,1288.55896,99,68,32
Lithuania,High income,2722.291016,2722,68.04599762,31.95400238,4,98.01334724,0,1.98665276,0,93.78278023,0,6.217219771,0,100,0,0,0,19,0.6804599762,1852.41008,99,68,32
Panama,High income,4314.768066,4315,68.41400146,31.58599854,4,94.37254436,1.873480592,2.262304247,1.491670799,86.32308326,1.791982583,7.162364342,4.722569811,98.08889267,1.911107333,0,0,19,0.6841400146,2951.905488,95,68,32
Estonia,High income,1326.53894,1327,69.22900391,30.77099609,4,99.59078178,0,0.4092182232,0,NAN,NAN,NAN,NAN,99.98545421,0,0.01454579307,0,19,0.6922900391,918.3496946,100,69,31
Mongolia,Lower middle income,3278.291992,3278,68.65699768,31.34300232,2,85.49562527,2.14642893,6.633366714,5.724579081,61.07075114,3.084170572,17.58078116,18.26429713,96.64596558,1.718335079,1.635699341,0,19,0.6865699768,2250.776857,86,69,31
Bolivia (Plurinational State of),Lower middle income,11673.0293,11673,70.1230011,29.8769989,2,93.39007163,0.1365905296,1.575010843,4.898326997,79.93664283,0.2447364082,3.954133693,15.86448707,99.12211832,0.09051328947,0.5613453808,0.2260230112,19,0.701230011,8185.478464,94,70,30
Tunisia,Lower middle income,11818.61816,11819,69.56800079,30.43199921,2,97.54330899,1.63135067,0.8253403378,0,93.93623193,3.351687357,2.71208071,0,99.12119763,0.8788023684,0,0,19,0.6956800079,8221.976375,98,70,30
Ukraine,Lower middle income,43733.75781,43734,69.60800171,30.39199829,2,93.92828195,5.671978717,0.07590450129,0.323834836,100,0,0,0,91.27727011,8.14845779,0.1090456533,0.4652264446,19,0.6960800171,30442.19488,94,70,30
Botswana,Upper middle income,2351.625,2352,70.8769989,29.1230011,3,92.21356307,4.72303897,1.732526476,1.330871481,79.04372386,15.15494718,1.596119156,4.20520981,97.62498058,0.4366200322,1.788579159,0.1498202281,19,0.708769989,1666.761225,93,71,29
pop_n (m)pp,Upper middle income,40222.50391,40223,70.89299774,29.10700226,3,98.35990325,0.8921603495,0.000002427900808,0.7479339713,94.83114678,2.599251339,0,2.569601877,99.80873103,0.19126897,0,0,19,0.7089299774,28514.93879,99,71,29
Italy,High income,60461.82813,60462,71.03899384,28.96100616,4,99.91703407,0,0.08296592591,0,NAN,NAN,NAN,NAN,NAN,NAN,NAN,NAN,19,0.7103899384,42951.47436,100,71,29
Hungary,High income,9660.349609,9660,71.94200134,28.05799866,4,99.99999747,0,0.000002527244192,0,100,0,0,0,100,0,0,0,19,0.7194200134,6949.848845,100,72,28
New Caledonia,High income,285.4909973,285,71.51799774,28.48200226,4,99.30532057,0,0.6946794278,0,NAN,NAN,NAN,NAN,NAN,NAN,NAN,NAN,19,0.7151799774,204.177445,100,72,28
El Salvador,Lower middle income,6486.201172,6486,73.44400024,26.55599976,2,97.94657541,0.2072632319,0.3151739969,1.530987366,93.45439508,0.7804762049,0,5.765128712,99.57087001,0,0.4291299944,0,19,0.7344400024,4763.725604,98,73,27
Algeria,Lower middle income,43851.04297,43851,73.73300171,26.26699829,2,94.43732996,4.985880842,0.5318366638,0.04495253272,90.03753791,8.79672214,0.9946030281,0.1711369258,96.00473586,3.628288591,0.3669755478,0,19,0.7373300171,32332.69026,95,74,26
Czech Republic,High income,10708.98242,10709,74.06100464,25.93899536,4,99.88059167,0,0.1194083325,0,99.8175993,0,0.1824006965,0,99.90265093,0,0.0973490679,0,19,0.7406100464,7931.179967,100,74,26
Sao Tome and Principe,Lower middle income,219.1609955,219,74.35400391,25.64599609,2,78.22645516,20.23798298,0.4435199284,1.09204193,74.30061449,19.71184258,1.729405704,4.258137228,79.5805429,20.4194571,0,0,19,0.7435400391,162.9549752,79,74,26
Switzerland,High income,8654.618164,8655,73.91500092,26.08499908,4,100.0000028,0,0,0,100,0,0,0,100,0,0,0,19,0.7391500092,6397.061096,101,74,26
Cook Islands,NAN,17.56399918,18,75.49500275,24.50499725,0,99.97161022,0,0.0283897827,0,NAN,NAN,NAN,NAN,NAN,NAN,NAN,NAN,19,0.7549500275,13.25994166,100,75,25
Russian Federation,Upper middle income,145934.4531,145934,74.75400543,25.24599457,3,96.99254807,0.6219963766,2.38545555,NAN,91.54410196,1.583163513,6.872734531,NAN,98.83259961,0.2973899687,0.6700104236,0.2,19,0.7475400543,109091.849,97,75,25
Bulgaria,Upper middle income,6948.444824,6948,75.68599701,24.31400299,3,99.01141694,0,0.9885830607,0,97.40128797,0,2.598712031,0,99.5286704,0,0.4713296007,0,19,0.7568599701,5258.999742,100,76,24
Iran (Islamic Republic of),Lower middle income,83992.95313,83993,75.87400055,24.12599945,2,97.48263633,1.938311229,0.5137973631,0.06525508185,93.82873538,4.297948765,1.602839669,0.2704761905,98.64448672,1.188006671,0.1675066077,0,19,0.7587400055,63728.81372,98,76,24
Turkey,Upper middle income,84339.07031,84339,76.10500336,23.89499664,3,97.01426916,2.023078075,0.7376749545,0.2249778093,96.02516977,2.684574639,0.7882555911,0.502,97.32481783,1.815385203,0.7217969634,0.138,19,0.7610500336,64186.25229,98,76,24
Cuba,Upper middle income,11326.61621,11327,77.19400024,22.80599976,3,97.00269616,1.471384542,1.252811506,0.2731077963,94.38665114,2.591752445,1.905972935,1.115623477,97.77557664,1.1403859,1.059840374,0.02419708411,19,0.7719400024,8743.468144,98,77,23
Germany,High income,83783.94531,83784,77.45300293,22.54699707,4,100.0000023,0,0,0,100,0,0,0,100,0,0,0,19,0.7745300293,64893.18162,101,77,23
Malaysia,Upper middle income,32365.99805,32366,77.15999603,22.84000397,3,97.09990707,0.3545396865,2.545553241,NAN,90.19744812,0.5444513971,9.258100478,NAN,99.14309591,0.2983242605,0.4685798319,0.09,19,0.7715999603,24973.60281,98,77,23
West Bank and Gaza Strip,Lower middle income,5101.416016,5101,76.71899414,23.28100586,2,97.88039722,1.029979486,1.089623295,NAN,98.71555642,0.3174006273,0.9670429576,NAN,97.62696443,1.246217358,1.126818208,NAN,19,0.7671899414,3913.755054,98,77,23
Brunei Darussalam,High income,437.4830017,437,78.25000763,21.74999237,4,99.9000368,0,0.09996320036,0,NAN,NAN,NAN,NAN,99.65,0,0.35,0,19,0.7825000763,342.3304822,100,78,22
Djibouti,Lower middle income,988.0020142,988,78.06199646,21.93800354,2,76.04992021,14.7574817,7.015876051,2.176722038,47.28073293,12.06161014,30.73550468,9.922152249,84.13501493,15.51511107,0.3498740029,0,19,0.7806199646,771.2540973,77,78,22
Marshall Islands,Upper middle income,59.19400024,59,77.79399109,22.20600891,3,88.57204698,11.387979,0.03997402585,0,94.42972,5.39028,0.18,0,86.9,13.1,0,0,19,0.7779399109,46.04937527,89,78,22
Peru,Upper middle income,32971.84766,32972,78.2970047,21.7029953,3,93.13936621,0.8495593511,4.150468349,1.860606087,80.79943849,1.596943771,9.612691163,7.990926578,96.55984408,0.6423932356,2.636408693,0.1613539953,19,0.782970047,25815.96911,94,78,22
Belarus,Upper middle income,9449.321289,9449,79.48300171,20.51699829,3,96.53472608,3.37211955,0.09315436837,0,98.56412231,0.9955971951,0.4402804931,0,96.01087362,3.985572644,0.003553731977,0,19,0.7948300171,7510.604202,97,79,21
Falkland Islands (Malvinas),NAN,3.48300004,3,78.50799561,21.49200439,0,95.3089274,0,4.691072596,0,78.17294282,0,21.82705718,0,100,0,0,0,19,0.7850799561,2.734433518,96,79,21
Greece,High income,10423.05566,10423,79.71500397,20.28499603,4,100.0000023,0,0,0,100,0,0,0,100,0,0,0,19,0.7971500397,8308.739233,101,80,20
Colombia,Upper middle income,50882.88281,50883,81.42499542,18.57500458,3,97.49165711,0.1861521591,0.9536162228,1.368574512,86.76707282,0.7312282016,5.13386897,7.367830005,99.9381928,0.0618072,0,0,19,0.8142499542,41431.385,98,81,19
Costa Rica,Upper middle income,5094.11377,5094,80.77099609,19.22900391,3,99.81053693,0.1894594746,0.000003594451897,0,99.64625,0.35375,0,0,99.84965286,0.1503471429,0,0,19,0.8077099609,4114.566434,100,81,19
France,High income,65273.51172,65274,80.97499847,19.02500153,4,99.9999985,0,0.00000149610841,0,100,0,0,0,100,0,0,0,19,0.8097499847,52855.22512,100,81,19
Libya,Upper middle income,6871.287109,6871,80.69100189,19.30899811,3,99.8915238,0,0.1084762012,0,NAN,NAN,NAN,NAN,NAN,NAN,NAN,NAN,19,0.8069100189,5544.510411,100,81,19
Mexico,Upper middle income,128932.75,128933,80.73099518,19.26900482,3,99.67956828,0,0.3204317169,0,98.33706893,0,1.662931067,0,100,0,0,0,19,0.8073099518,104088.6922,100,81,19
Palau,Upper middle income,18.09199905,18,80.98799896,19.01200104,3,99.6575455,0,0.3424544984,0,99.75698503,0,0.2430149677,0,99.63420199,0,0.3657980078,0,19,0.8098799896,14.652348,100,81,19
Republic of Korea,High income,51269.18359,51269,81.41400146,18.58599854,4,99.93139665,0,0.06860335296,0,NAN,NAN,NAN,NAN,NAN,NAN,NAN,NAN,19,0.8141400146,41740.29388,100,81,19
Spain,High income,46754.78125,46755,80.80999756,19.19000244,4,99.92561261,0,0.07438739142,0,100,0,0,0,99.90794521,0,0.09205479452,0,19,0.8080999756,37782.53759,100,81,19
Canada,High income,37742.15625,37742,81.56200409,18.43799591,4,99.22181066,0,0.7781893369,0,99.0604959,0,0.9395041006,0,99.25827766,0,0.7417223371,0,19,0.8156200409,30783.25902,100,82,18
Dominican Republic,Upper middle income,10847.9043,10848,82.54000092,17.45999908,3,96.68681192,0.4670386504,1.269428783,1.576720644,90.30446437,1.385315508,1.115118127,7.195101991,98.03689158,0.2727920359,1.302073396,0.3882429922,19,0.8254000092,8953.860309,97,83,17
Norway,High income,5421.242188,5421,82.97399139,17.02600861,4,99.9999955,0,0.000004503407453,0,100,0,0,0,100,0,0,0,19,0.8297399139,4498.221026,100,83,17
United States of America,High income,331002.6563,331003,82.66400146,17.33599854,4,99.88352668,0,0.1164733182,0,99.67078734,0,0.3292126628,0,99.92814447,0,0.0718555296,0,19,0.8266400146,273620.0406,100,83,17
Saudi Arabia,High income,34813.86719,34814,84.28700256,15.71299744,4,100,0,0,0,NAN,NAN,NAN,NAN,NAN,NAN,NAN,NAN,19,0.8428700256,29343.56513,100,84,16
United Kingdom,High income,67886.00781,67886,83.90299988,16.09700012,4,99.99999856,0,0.00000143853282,0,100,0,0,0,100,0,0,0,19,0.8390299988,56958.39705,100,84,16
Australia,High income,25499.88086,25500,86.24099731,13.75900269,4,99.96981182,0,0.03018817873,0,100,0,0,0,99.965,0,0.035,0,19,0.8624099731,21991.35157,100,86,14
Finland,High income,5540.717773,5541,85.51700592,14.48299408,4,100.0000033,0,0,0,100,0,0,0,100,0,0,0,19,0.8551700592,4738.255946,101,86,14
French Guiana,NAN,298.6820068,299,85.81999969,14.18000031,0,93.78221635,0,6.217783652,0,NAN,NAN,NAN,NAN,NAN,NAN,NAN,NAN,19,0.8581999969,256.3288973,94,86,14
Oman,High income,5106.62207,5107,86.27599335,13.72400665,4,92.16802469,7.541419893,0.2604052036,0.03015021745,76.25077991,21.63212113,1.897409218,0.2196897375,94.7,5.3,0,0,19,0.8627599335,4405.788918,93,86,14
American Samoa,Upper middle income,55.1969986,55,87.15299988,12.84700012,3,99.77377166,0,0.2262283415,0,NAN,NAN,NAN,NAN,NAN,NAN,NAN,NAN,19,0.8715299988,48.10584012,100,87,13
Brazil,Upper middle income,212559.4063,212559,87.07299805,12.92700195,3,99.32085299,0.1265490039,0.5525980099,NAN,95.94525953,0.9789509154,3.075789551,NAN,99.82200131,0,0.1779986949,0,19,0.8707299805,185081.8477,100,87,13
Greenland,High income,56.77199936,57,87.28200531,12.71799469,4,100.0000017,0,0,0,100,0,0,0,100,0,0,0,19,0.8728200531,49.5517395,101,87,13
New Zealand,High income,4822.23291,4822,86.6989975,13.3010025,4,100.0000013,0,0,0,100,0,0,0,100,0,0,0,19,0.866989975,4180.82759,101,87,13
United Arab Emirates,High income,9890.400391,9890,87.04799652,12.95200348,4,99.965596,0,0.034404,0,NAN,NAN,NAN,NAN,NAN,NAN,NAN,NAN,19,0.8704799652,8609.395388,100,87,13
Andorra,High income,77.26499939,77,87.91600037,12.08399963,4,100.0000037,0,0,0,100,0,0,0,100,0,0,0,19,0.8791600037,67.92829715,101,88,12
Chile,High income,19116.20898,19116,87.72699738,12.27300262,4,99.99999872,0,0.000001277139333,0,100,0,0,0,100,0,0,0,19,0.8772699738,16770.07615,100,88,12
Denmark,High income,5792.203125,5792,88.11600494,11.88399506,4,100.0000011,0,0,0,100,0,0,0,100,0,0,0,19,0.8811600494,5103.857992,101,88,12
Sweden,High income,10099.26953,10099,87.97699738,12.02300262,4,99.82686763,0,0.1731323735,0,99.71937474,0,0.2806252626,0,99.84155768,0,0.1584423157,0,19,0.8797699738,8885.03409,100,88,12
Venezuela (Bolivarian Republic of),NAN,28435.94336,28436,88.27899933,11.72100067,0,93.68580071,0.4707829181,5.843416373,NAN,NAN,NAN,NAN,NAN,NAN,NAN,NAN,NAN,19,0.8827899933,25102.96625,94,88,12
Lebanon,Lower middle income,6825.441895,6825,88.92499542,11.07500458,2,92.6,7.4,0,0,NAN,NAN,NAN,NAN,NAN,NAN,NAN,NAN,19,0.8892499542,6069.523893,93,89,11
Martinique,NAN,375.2650146,375,89.13999939,10.86000061,0,99.84197078,0,0.1580292158,0,NAN,NAN,NAN,NAN,NAN,NAN,NAN,NAN,19,0.8913999939,334.5112317,100,89,11
Bahrain,High income,1701.583008,1702,89.50600433,10.49399567,4,100,0,0,0,NAN,NAN,NAN,NAN,NAN,NAN,NAN,NAN,19,0.8950600433,1523.018961,100,90,10
Gabon,Upper middle income,2225.728027,2226,90.09200287,9.90799713,3,85.3419306,7.735263103,6.922808357,NAN,44.74588901,10.51114859,44.7429624,NAN,89.80653917,7.42998076,2.763480072,NAN,19,0.9009200287,2005.202958,86,90,10
Saint Pierre and Miquelon,NAN,5.795000076,6,89.96199799,10.03800201,0,91.4,0,8.6,0,NAN,NAN,NAN,NAN,NAN,NAN,NAN,NAN,19,0.8996199799,5.213297852,92,90,10
Jordan,Upper middle income,10203.13965,10203,91.41799927,8.58200073,3,98.94030296,0.1462147369,0.8536474704,0.05983483179,97.31147869,0.6239465945,2.024714716,0.03986,99.09321259,0.1013669408,0.7437104707,0.06171,19,0.9141799927,9327.506131,99,91,9
Luxembourg,High income,625.9760132,626,91.4529953,8.5470047,4,99.87993254,0,0.1200674649,0,98.5952381,0,1.404761905,0,100,0,0,0,19,0.914529953,572.4738139,100,91,9
Argentina,Upper middle income,45195.77734,45196,92.11100006,7.88899994,3,NAN,NAN,NAN,NAN,NAN,NAN,NAN,NAN,99.79042065,0,0.2095793501,0,19,0.9211100006,41630.28249,NAN,92,8
Japan,High income,126476.4609,126476,91.78199768,8.21800232,4,99.07891245,0,0.9210875467,0,NAN,NAN,NAN,NAN,NAN,NAN,NAN,NAN,19,0.9178199768,116082.6224,100,92,8
Netherlands,High income,17134.87305,17135,92.23600006,7.76399994,4,99.99999929,0,0.000000712408621,0,100,0,0,0,100,0,0,0,19,0.9223600006,15804.52152,100,92,8
Northern Mariana Islands,High income,57.55699921,58,91.79799652,8.20200348,4,100,0,0,0,NAN,NAN,NAN,NAN,NAN,NAN,NAN,NAN,19,0.9179799652,52.83617213,100,92,8
Israel,High income,8655.541016,8656,92.58699799,7.41300201,4,100,0,0,0,100,0,0,0,100,0,0,0,19,0.9258699799,8013.905587,100,93,7
Iceland,High income,341.25,341,93.897995,6.102005,4,99.99999721,0,0.000002794650015,0,100,0,0,0,100,0,0,0,19,0.93897995,320.4269079,100,94,6
Puerto Rico,High income,2860.840088,2861,93.58100128,6.41899872,4,100,0,0,0,NAN,NAN,NAN,NAN,NAN,NAN,NAN,NAN,19,0.9358100128,2677.202799,100,94,6
Guam,High income,168.7830048,169,94.93800354,5.06199646,4,99.6952,0,0.3048,0,NAN,NAN,NAN,NAN,NAN,NAN,NAN,NAN,19,0.9493800354,160.2392151,100,95,5
Malta,High income,441.5390015,442,94.7440033,5.2559967,4,100.0000004,0,0,0,100,0,0,0,100,0,0,0,19,0.947440033,418.3317262,101,95,5
United States Virgin Islands,High income,104.4229965,104,95.93900299,4.06099701,4,98.71826738,0,1.281732624,0,NAN,NAN,NAN,NAN,NAN,NAN,NAN,NAN,19,0.9593900299,100.1823817,99,96,4
Uruguay,High income,3473.727051,3474,95.51499939,4.48500061,4,99.49575756,0.5042424412,0,0,95.30083,4.69917,0,0,99.69273444,0.3072655617,0,0,19,0.9551499939,3317.930372,100,96,4
San Marino,High income,33.93799973,34,97.49900055,2.50099945,4,100,0,0,0,NAN,NAN,NAN,NAN,NAN,NAN,NAN,NAN,19,0.9749900055,33.08921054,100,97,3
Belgium,High income,11589.61621,11590,98.07899475,1.92100525,4,99.99999645,0,0.000003554796791,0,100,0,0,0,100,0,0,0,19,0.9807899475,11366.97907,100,98,2
Guadeloupe,NAN,400.1270142,400,98.49899292,1.50100708,0,99.80312604,0,0.1968739613,0,NAN,NAN,NAN,NAN,NAN,NAN,NAN,NAN,19,0.9849899292,394.1210794,100,98,2
Qatar,High income,2881.060059,2881,99.23500061,0.76499939,4,99.56810194,0,0.4318980637,0,NAN,NAN,NAN,NAN,NAN,NAN,NAN,NAN,19,0.9923500061,2859.019967,100,99,1
Bermuda,High income,62.27299881,62,100,0,4,99.90314002,0,0.09685998294,0,NAN,NAN,NAN,NAN,99.90314002,0,0.09685998294,0,19,1,62.27299881,100,100,0
"China, Hong Kong SAR",High income,7496.987793,7497,100,0,4,100,0,0,0,NAN,NAN,NAN,NAN,100,0,0,0,19,1,7496.987793,100,100,0
"China, Macao SAR",High income,649.34198,649,100,0,4,100,0,0,0,NAN,NAN,NAN,NAN,100,0,0,0,19,1,649.34198,100,100,0
Gibraltar,High income,33.69100189,34,100,0,4,100,0,0,0,NAN,NAN,NAN,NAN,100,0,0,0,19,1,33.69100189,100,100,0
Kuwait,High income,4270.562988,4271,100,0,4,100,0,0,0,NAN,NAN,NAN,NAN,NAN,NAN,NAN,NAN,19,1,4270.562988,100,100,0
Monaco,High income,39.24399948,39,100,0,4,100,0,0,0,NAN,NAN,NAN,NAN,100,0,0,0,19,1,39.24399948,100,100,0
Nauru,High income,10.83399963,11,100,0,4,100,0,0,0,NAN,NAN,NAN,NAN,100,0,0,0,19,1,10.83399963,100,100,0
Réunion,NAN,895.3079834,895,99.65900421,0.34099579,0,100,0,0,0,NAN,NAN,NAN,NAN,NAN,NAN,NAN,NAN,19,0.9965900421,892.2550209,100,100,0
Saint Barthelemy,NAN,9.885,10,100,0,0,100,0,0,0,NAN,NAN,NAN,NAN,100,0,0,0,19,1,9.885,100,100,0
Saint Martin (French part),High income,38.659,39,100,0,4,99.99927139,0,0.0007286105507,0,NAN,NAN,NAN,NAN,99.99927139,0,0.0007286105507,0,19,1,38.659,100,100,0
Singapore,High income,5850.342773,5850,100,0,4,100,0,0,0,NAN,NAN,NAN,NAN,100,0,0,0,19,1,5850.342773,100,100,0
,,,,,,,,,,,,,,,,,,,,,,,,
,,,,,,,,,,,,,,,,,,,,,,,,
,,,,,,,,,,,,,,,,,,,,,,,,
,,,,,,,,,,,,,,,,,,,,,,,,
,,,,,,,,,,,,,,,,,,,,,,,,
,,,,,,,,,,,,,,,,,,,,,,,,
,,,,,,,,,,,,,,,,,,,,,,,,
,,,,,MAX,,100.0000037,37.42696287,33.53911377,30.36979308,100,42.16438068,51.21598167,40.51813242,100,34.27978009,19.83580681,6.362160532,,,,,,
,,,,,MIN,,37.20240205,0,0,0,21.98279234,0,0,0,49.66166495,0,0,0,,,,,,
,,,,,MEAN,,89.81651959,3.88367137,4.4390488,1.924924488,81.33591803,5.836562548,8.732261484,4.224039638,94.65932159,3.300699795,1.728663285,0.3149352794,,,,,,
,,,,,MEDIAN,,97.33068117,0.4875126797,0.8551800547,0,90.73161683,1.812330835,3.229749713,0.2196897375,98.09776058,0.5460418284,0.3499370015,0,,,,,,
,,,,,MODE,,100,0,0,0,100,0,0,0,100,0,0,0,,,,,,
,,,,,Q1,,85.56946812,0,0.03579650646,0,64.8254211,0,0.1584109169,0,92.46029136,0,0,0,,,,,,
,,,25779,,Q3,,99.88752524,4.851219157,5.279309922,1.878301993,99.11924249,8.553175126,13.2663393,6.157471481,99.94941803,3.966347184,2.059001302,0.1597056849,,,,,,
,,,,,IQR,,14.31805713,4.851219157,5.243513416,1.878301993,34.29382139,8.553175126,13.10792838,6.157471481,7.489126675,3.966347184,2.059001302,0.1597056849,,,,,,
,,,,,STD,,15.10714252,6.97233069,7.185093418,3.931353982,21.50663741,8.704765846,11.82849434,6.847951395,8.051888675,5.645787355,3.241257032,0.87184006,,,,,,